﻿<?xml version="1.0" encoding="utf-8"?>
<Window caption="0,0,0,36" roundcorner="5,5" size="600,800" sizebox="6,6,6,6" mininfo="80,60">
  <Font name="微软雅黑" size="18" bold="false" default="true"/>
  <Font name="微软雅黑" size="18"/>
  <Default name="VScrollBar" value="button1normalimage=&quot;file='$scroll.png' source='0,0,16,16'&quot; button1hotimage=&quot;file='$scroll.png' source='0,0,16,16' mask='#FFFF00FF'&quot; button1pushedimage=&quot;file='$scroll.png' source='0,16,16,32' mask='#FFFF00FF'&quot; button1disabledimage=&quot;file='$scroll.png' source='0,0,16,16' mask='#FFFF00FF'&quot; button2normalimage=&quot;file='$scroll.png' source='0,32,16,48' mask='#FFFF00FF'&quot; button2hotimage=&quot;file='$scroll.png' source='0,32,16,48' mask='#FFFF00FF'&quot; button2pushedimage=&quot;file='$scroll.png' source='0,48,16,64' mask='#FFFF00FF'&quot; button2disabledimage=&quot;file='$scroll.png' source='0,32,16,48' mask='#FFFF00FF'&quot; thumbnormalimage=&quot;file='$scroll.png' source='0,64,16,80' corner='2,2,2,2' mask='#FFFF00FF'&quot; thumbhotimage=&quot;file='$scroll.png' source='0,64,16,80' corner='2,2,2,2' mask='#FFFF00FF'&quot; thumbpushedimage=&quot;file='$scroll.png' source='0,64,16,80' corner='2,2,2,2' mask='#FFFF00FF'&quot; thumbdisabledimage=&quot;file='$scroll.png' source='0,64,16,80' corner='2,2,2,2' mask='#FFFF00FF'&quot; railnormalimage=&quot;file='$scroll.png' source='0,80,16,96' corner='2,2,2,2' mask='#FFFF00FF'&quot; railhotimage=&quot;file='$scroll.png' source='0,80,16,96' corner='2,2,2,2' mask='#FFFF00FF'&quot; railpushedimage=&quot;file='$scroll.png' source='0,96,16,112' corner='2,2,2,2' mask='#FFFF00FF'&quot; raildisabledimage=&quot;file='$scroll.png' source='0,80,16,96' corner='2,2,2,2' mask='#FFFF00FF'&quot; bknormalimage=&quot;file='$scroll.png' source='0,128,16,146' corner='2,2,2,2' mask='#FFFF00FF'&quot; bkhotimage=&quot;file='$scroll.png' source='0,128,16,146' corner='2,2,2,2' mask='#FFFF00FF'&quot; bkpushedimage=&quot;file='$scroll.png' source='0,128,16,146' corner='2,2,2,2' mask='#FFFF00FF'&quot; bkdisabledimage=&quot;file='$scroll.png' source='0,128,16,146' corner='2,2,2,2' mask='#FFFF00FF'&quot; " />
  <VerticalLayout bkcolor="#FFFFFFFF" bordersize="2" bordercolor="#FF0934DA">

    <HorizontalLayout name="header" height="36" bkcolor="#FF4775CC">
      <HorizontalLayout>
        <Control width="10"/>
        <Label name="apptitle" text="iReader" font="1" textcolor="#FFFFFFFF" />
      </HorizontalLayout>
      <HorizontalLayout height="25" width="96">
        <Button name="minbtn" tooltip="最小化" height="18" width="26" normalimage="file='minimize.png'" hotimage="file='minimize_h.png'" pushedimage="file='minimize_p.png'"/>
        <Button name="maxbtn" tooltip="最大化" height="18" width="25" normalimage="file='maximize.png'" hotimage="file='maximize_h.png'" pushedimage="file='maximize_p.png'"/>
        <Button name="restorebtn" visible="false" tooltip="恢复" height="18" width="25" normalimage="file='restore.png'" hotimage="file='restore_h.png'" pushedimage="file='restore_p.png'"/>
        <Button name="closebtn" tooltip="关闭" height="18" width="43" normalimage="file='close.png'" hotimage="file='close_h.png'" pushedimage="file='close_p.png'"/>
      </HorizontalLayout>
    </HorizontalLayout>

    <HorizontalLayout name="titlebar" padding="2,0,2,2" bkcolor="#FFF8F8F8" bkcolor2="#FFE4E4E4" height="36" inset="0,1,0,4">
      <HorizontalLayout height="29" padding="0,3,0,0">
        <Control width="4"/>
        <Button name="prev_page" width="27" tooltip="上一页" normalimage="file='back.png'" hotimage="file='back_h.png'" pushedimage="file='back_p.png'" disabledimage="file='back_d.png'"/>
        <Button name="next_page" width="27" tooltip="下一页" normalimage="file='forward.png'" hotimage="file='forward_h.png'" pushedimage="file='forward_p.png'" disabledimage="forward_d.png"/>
        <Control width="20"/>
        <Label name="page_count" width="100"/>
        <Control width="20"/>
        <Button name="get_text" width="27" tooltip="本页面文字" normalimage="file='feedback.png'" hotimage="file='feedback_h.png'" pushedimage="file='feedback_p.png'" disabledimage="feedback.png"/>
        <Button name="get_select_text" width="27" tooltip="本页面上选中的文字" normalimage="file='feedback_h.png'" hotimage="file='feedback_p.png'" pushedimage="file='feedback.png'" disabledimage="feedback_h.png"/>
        <Control width="4"/>
      </HorizontalLayout>
    </HorizontalLayout>

    <VerticalLayout name="body" padding="2,0,2,2">
      <Webkit name="webkit"/>
    </VerticalLayout>

  </VerticalLayout>
</Window>